n,rep_id,kruskal_ms,prim_ms
100,0,2.0126,0.9735
100,3,1.9922,0.9618
100,4,2.0119,0.9048
100,1,2.1225,0.9691
100,5,2.0554,0.9578
100,9,1.9021,0.9307
100,8,1.8946,0.9439
100,6,2.0507,0.9393
100,7,2.1205,0.9571
100,11,2.3426,0.8915
100,2,3.1404,0.6982
100,10,1.9222,0.6683
200,0,8.6554,3.0756
200,2,8.7211,3.0627
200,6,8.5232,2.9525
200,3,8.6864,3.1055
200,11,8.695,3.0974
200,5,8.7459,3.0601
200,10,8.9455,3.0841
200,8,9.1486,2.9316
200,4,9.0727,3.0616
200,1,9.1155,3.0504
200,9,8.264,2.006
200,7,15.1445,1.8257
300,4,19.0099,6.9982
300,3,19.7205,6.4584
300,9,20.7601,6.1104
300,1,20.8203,6.3795
300,0,20.6888,6.4801
300,8,20.8336,6.1138
300,5,20.2508,6.6858
300,6,20.8242,6.3767
300,2,21.0157,7.0892
300,10,20.6423,7.9547
300,11,20.5107,4.8773
300,7,36.1421,3.7346
400,6,37.1526,9.7948
400,2,37.2075,9.9356
400,11,37.0555,10.6258
400,9,37.7434,10.1717
400,8,38.3254,10.3212
400,5,38.6123,10.4431
400,4,38.9838,10.3774
400,1,39.2979,10.1971
400,0,40.0391,9.8194
400,7,40.9071,8.801
400,3,51.2755,9.8608
400,10,65.7946,6.2284
500,0,59.2113,15.8532
500,8,59.6286,15.5803
500,5,59.8126,14.9473
500,2,60.9107,15.0884
500,9,60.0314,17.0919
500,10,61.7976,15.7261
500,11,62.8887,15.4295
500,6,71.5244,11.8826
500,1,81.2576,10.5576
500,3,84.1249,9.4441
500,4,64.8067,9.4452
500,7,87.5408,13.3209
600,2,86.7674,20.7086
600,0,88.0418,20.4656
600,8,87.3544,20.3404
600,11,92.3176,20.7871
600,9,114.601,18.9121
600,3,115.368,19.6579
600,7,119.974,16.5664
600,6,89.3078,17.765
600,5,88.2747,20.2043
600,4,121.468,20.8907
600,1,131.036,13.4371
600,10,133.953,15.9569
700,4,122.577,26.9304
700,10,123.211,26.8115
700,9,124.117,27.2373
700,3,123.18,28.9435
700,2,154.363,27.264
700,0,154.136,28.2758
700,5,146.116,26.4754
700,11,158.966,28.0243
700,7,160.23,27.2025
700,8,142.868,27.9221
700,1,145.174,27.8185
700,6,150.607,20.7962
800,1,173.875,40.6732
800,4,170.38,58.8407
800,2,182.057,38.5971
800,10,173.923,55.5499
800,8,187.862,38.093
800,3,197.634,36.2384
800,9,201.905,36.242
800,5,178.493,37.2879
800,0,189.571,36.4321
800,6,193.865,34.7177
800,7,188.127,30.3376
800,11,202.568,34.7844
900,6,252.934,44.9982
900,1,276.434,51.2163
900,3,271.143,46.2126
900,8,278.162,48.9765
900,4,264.205,54.6012
900,7,277.336,53.3753
900,11,287.457,71.4961
900,5,318.201,44.9984
900,9,271.536,45.9348
900,0,296.911,44.6509
900,10,322.137,38.4472
900,2,310.682,36.4242
1000,3,294.386,55.3268
1000,10,306.662,53.08
1000,11,317.39,69.0733
1000,9,285.912,57.2586
1000,6,355.587,57.2119
1000,0,333.421,59.6465
1000,1,348.634,62.1361
1000,5,351.802,55.2374
1000,7,356.102,59.5632
1000,4,397.773,48.0373
1000,2,377.204,50.0193
1000,8,367.521,51.3697
1100,5,324.947,63.2503
1100,2,328.023,63.5891
1100,9,329.294,64.0789
1100,6,337.838,66.5825
1100,4,352.533,66.0407
1100,11,364.523,67.7207
1100,3,389.592,72.1479
1100,0,378.812,84.7622
1100,10,352.904,95.7441
1100,1,381.663,70.1758
1100,8,363.821,78.8208
1100,7,388.24,87.014
1200,9,391.912,74.2406
1200,2,398.402,73.6108
1200,4,394.72,74.031
1200,7,395.506,79.3854
1200,10,425.091,72.2038
1200,11,429.21,68.3501
1200,5,413.98,75.0204
1200,1,443.966,61.9001
1200,8,452.721,58.3893
1200,6,460.678,63.4214
1200,0,451.017,65.7385
1200,3,472.043,61.8097
1300,7,462.923,88.4137
1300,11,465.187,87.7143
1300,10,473.296,88.5465
1300,9,469.298,93.2869
1300,5,483.323,92.3512
1300,0,491.831,91.0553
1300,6,483.724,95.3377
1300,1,503.951,81.7135
1300,3,550.883,69.8013
1300,2,584.899,61.9638
1300,4,577.992,60.4449
1300,8,575.833,79.3227
1400,6,735.906,124.4
1400,11,684.821,131.678
1400,0,726.971,122.123
1400,4,740.858,148.031
1400,5,745.375,146.046
1400,3,734.583,161.273
1400,1,699.596,115.499
1400,8,738.225,122.634
1400,2,771.634,109.168
1400,7,727.478,115.497
1400,9,814.15,115.604
1400,10,806.8,96.4516
1500,9,737.169,114.564
1500,3,729.943,114.216
1500,4,718.852,114.299
1500,10,757.056,115.165
1500,6,863.102,99.8628
1500,5,844.443,96.698
1500,0,860.705,104.197
1500,11,866.189,97.2571
1500,1,875.863,76.5699
1500,2,811.76,87.1661
1500,7,843.226,93.068
1500,8,851.504,86.3605
1600,11,759.151,144.445
1600,1,752.813,161.223
1600,9,767.229,155.292
1600,6,769.562,165.915
1600,10,788.842,147.943
1600,0,797.938,157.682
1600,5,772.766,177.774
1600,3,765.595,175.069
1600,2,863.595,137.299
1600,4,856.579,112.099
1600,8,865.924,122.675
1600,7,888.108,109.812
1700,1,956.616,198.409
1700,3,1014.15,196.317
1700,5,954.948,236.036
1700,10,1074.64,169.91
1700,11,962.391,225.99
1700,0,949.8,217.364
1700,6,1089.09,196.114
1700,4,1095.2,167.021
1700,9,1092.2,147.265
1700,7,1196.09,151.91
1700,8,1250.7,92.869
1700,2,1242.52,106.759
1800,4,1092.52,172.466
1800,3,1124.24,179.881
1800,10,1094.25,178.245
1800,11,1177.7,174.44
1800,9,1120.41,169.659
1800,6,1204.45,183.283
1800,0,1218.31,188.243
1800,5,1222.66,182.118
1800,2,1173.84,123.002
1800,1,1251.64,119.005
1800,8,1253.56,120.135
1800,7,1244.34,126.289
1900,9,1061.68,188.214
1900,4,1084.17,184.228
1900,10,1089.08,184.059
1900,3,1096.25,183.164
1900,5,1097.71,186.922
1900,6,1079.82,190.628
1900,2,1135.77,188.613
1900,0,1126.81,197.239
1900,8,1343.64,140.677
1900,11,1400.93,132.205
1900,1,1373.45,133.607
1900,7,1401.05,146.196
2000,5,1212.85,199.02
2000,6,1203.95,206.107
2000,9,1362.5,230.179
2000,0,1221.92,210.571
2000,3,1387.38,229.727
2000,10,1389.26,200.87
2000,1,1545.39,201.901
2000,2,1578.47,189.479
2000,11,1417.42,188.51
2000,7,1501.5,193.905
2000,8,1531.26,185.98
2000,4,1574.38,162.023
2100,4,1299.38,222.468
2100,11,1347.41,236.739
2100,3,1349.09,225.624
2100,9,1327.64,230.954
2100,0,1368.72,240.441
2100,10,1311.66,233.609
2100,1,1368.91,237.774
2100,6,1387.69,233.72
2100,5,1478.61,210.656
2100,2,1518.65,281.387
2100,7,1540.22,241.522
2100,8,1474.22,338.557
2200,4,1624.84,290.006
2200,8,1631.21,298.383
2200,9,1632.95,310.219
2200,3,1858.51,279.089
2200,6,1801.87,340.339
2200,11,1850.09,283.079
2200,0,1820.37,272.326
2200,10,1895.12,254.122
2200,7,1987.46,275.748
2200,1,2019.99,230.699
2200,5,2072.26,328.751
2200,2,2029.85,608.241
2300,7,1642.52,267.199
2300,8,1670.83,277
2300,4,1680.88,264.071
2300,10,1745.59,318.99
2300,5,1781.07,265.047
2300,11,1785.41,268.667
2300,6,1811.54,272.465
2300,0,1812.27,277.421
2300,9,1921.34,268.804
2300,2,2021.58,235.902
2300,3,2092.11,607.327
2300,1,2165.95,571.573
2400,2,1777.17,333.278
2400,3,1781.85,347.844
2400,4,1794.38,321.138
2400,10,1779.54,325.547
2400,7,1835.05,338.142
2400,6,1989.58,286.863
2400,9,1932.38,277.595
2400,5,2101.86,269.103
2400,11,1985.22,308.811
2400,8,1950.06,257.965
2400,1,2012.56,276.607
2400,0,2000.82,320.351
2500,4,1985.47,317.308
2500,6,2013.69,335.781
2500,9,2017.97,341.438
2500,0,2013.9,323.891
2500,10,2089.17,381.63
2500,3,2115.34,365.892
2500,11,2138.65,363.311
2500,5,2112.08,350.476
2500,8,2407.33,274.486
2500,1,2437.61,293.175
2500,2,2358.5,318.403
2500,7,2395.46,418.897
2600,4,2256.99,435.791
2600,8,2297.27,418.671
2600,2,2289.36,434.606
2600,0,2291.69,438.937
2600,11,2281.65,473.747
2600,9,2342.07,466.276
2600,1,2328.87,478.226
2600,6,2466.24,436.435
2600,7,2626.57,344.042
2600,5,2610.87,357.318
2600,10,2673.01,322.986
2600,3,2679.37,322.968
2700,10,2708.28,489.061
2700,0,2755,511.741
2700,11,2759.6,512.283
2700,9,2824.82,462.827
2700,5,2766.37,492.385
2700,6,2742.05,497.967
2700,4,2851.96,466.397
2700,8,2850.95,499.563
2700,1,2914.14,416.81
2700,7,2960.11,394.519
2700,2,2998.21,397.844
2700,3,3149.18,370.51
2800,4,3079.42,451.1
2800,10,3112.96,449.036
2800,9,3038.34,508.925
2800,11,3098.44,434.494
2800,0,3131.15,466.997
2800,6,3107.52,492.164
2800,5,3064.49,511.081
2800,7,3095.19,506.326
2800,2,3097.78,456.484
2800,1,3092.86,530.962
2800,8,3154.12,445.976
2800,3,3307.39,388.305
2900,9,3032.4,488.118
2900,3,3112.77,457.531
2900,4,3122.49,464.252
2900,10,3127.99,470.352
2900,6,3243.85,475.718
2900,5,3284.08,480.875
2900,7,3293.55,472.349
2900,11,3323.77,459.384
2900,0,3346.01,507.291
2900,1,3315.24,518.597
2900,2,3252.06,563.105
2900,8,3271.1,616.144
3000,2,3309.39,507.94
3000,4,3344.43,474.603
3000,3,3335.98,500.297
3000,8,3324.94,482.233
3000,7,3353.83,488.546
3000,6,3379.22,496.078
3000,5,3399.02,512.223
3000,0,3404.15,490.428
3000,11,3377.68,483.67
3000,9,3355.94,481.712
3000,10,3449.14,473.165
3000,1,3380.94,563.567
3100,6,3584.88,567.371
3100,7,3604.95,627.722
3100,5,3564.44,602.785
3100,4,3645.33,573.389
3100,11,3651.23,637.842
3100,9,3698.58,599.851
3100,10,3779.61,600.698
3100,2,3678.65,968.977
3100,1,3678.92,958.677
3100,0,3852.07,676.617
3100,3,3922.35,688.457
3100,8,4176.79,547.058
3200,4,3920.74,545.157
3200,9,3940.87,548.834
3200,10,3955.76,543.958
3200,3,3930.8,554.723
3200,0,4195.34,548.978
3200,11,4242.57,550.943
3200,5,4355.83,486.444
3200,1,4412.35,495.679
3200,8,4701.15,423.818
3200,6,4552.27,699.066
3200,7,4645.99,723.857
3200,2,4633.57,758.756
3300,4,4064.94,573.755
3300,10,4097.64,567.829
3300,6,4082.54,600.088
3300,9,4107.65,572.217
3300,11,4177.92,594.336
3300,5,4182.19,601.408
3300,1,4195.78,572.541
3300,0,4212.13,593.47
3300,2,4330.44,547.982
3300,8,4316.85,565.407
3300,7,4325.22,551.138
3300,3,4476.92,506.13
3400,1,4242.07,667.802
3400,9,4437.93,629.706
3400,10,4405.64,614.483
3400,4,4416.83,612.986
3400,3,4437.87,636.686
3400,5,4484.51,674.151
3400,0,4547.15,669.351
3400,6,4566.29,715.927
3400,8,4689.29,651.48
3400,2,4656.35,726.266
3400,7,4720.72,720.433
3400,11,4947.13,624.649
3500,0,4756.19,723.933
3500,5,4671.12,705.123
3500,6,4674.39,721.499
3500,3,4747.46,836.44
3500,8,4865.65,726.733
3500,10,4816.06,825.986
3500,11,4663.76,841.178
3500,4,4774.88,846.668
3500,2,4825.71,776.541
3500,9,5021.8,708.646
3500,7,4975.78,700.781
3500,1,5092.49,784.646
3600,0,4915.71,721.673
3600,11,5003.43,697.548
3600,6,5025.34,677.582
3600,5,5040.14,704.118
3600,3,5186.59,693.155
3600,2,5171.88,732.927
3600,10,4965.14,692.865
3600,9,4995.14,715.202
3600,8,5182.4,870.084
3600,4,5083.4,874.609
3600,7,5629.36,667.773
3600,1,5453.13,649.288
3700,3,5087.2,778.785
3700,10,5089.75,772.158
3700,0,5143.79,887.379
3700,7,5157.11,801.86
3700,11,5308.22,841.243
3700,9,5273.43,788.288
3700,8,5532.77,717.671
3700,2,5654.83,746.282
3700,6,5411.2,781.26
3700,1,5572.48,759.625
3700,4,5782.59,703.801
3700,5,5666.59,794.258
3800,10,5209.22,758.802
3800,3,5210.79,750.519
3800,4,5210.13,777.858
3800,9,5186.37,771.481
3800,5,5453.92,780.216
3800,6,5495.88,771.631
3800,11,5502.61,770.029
3800,0,5507.35,735.932
3800,2,5769.13,724.855
3800,8,5856.8,538.14
3800,7,5895.23,691.177
3800,1,5939.81,760.763
3900,3,5109.13,902.408
3900,1,5150.75,910.061
3900,10,5192.88,950.579
3900,9,5173.8,1029.77
3900,6,5379.25,973.168
3900,11,5407.23,966.524
3900,4,5426.93,1013.38
3900,5,5378.23,1040
3900,0,5617.03,992.952
3900,7,5632.75,973.656
3900,2,5687.78,939.403
3900,8,5642.88,1091.79
4000,9,5868.17,844.555
4000,11,5928.1,887.287
4000,6,6007.46,850.609
4000,10,6120.97,883.213
4000,8,6194.41,891.206
4000,3,6019.5,865.264
4000,4,5955.82,841.594
4000,2,6156.18,860.633
4000,1,6217.83,893.227
4000,0,6070.84,802.391
4000,5,6216.68,779.713
4000,7,6297.13,888.802
4100,3,5767.32,876.75
4100,4,5781.67,890.645
4100,9,5842.45,941.85
4100,8,5951.41,1018.65
4100,0,6003.68,1111.77
4100,6,6047.11,1100.88
4100,5,6093.88,1092.92
4100,7,6348.26,1030.81
4100,11,6148.74,1104.88
4100,1,6405.85,1044
4100,2,6453.36,1023.82
4100,10,6536.72,946.549
4200,9,6244.94,953.549
4200,0,6302.88,952.311
4200,3,6245.94,972.086
4200,11,6297.72,1013.15
4200,6,6604.7,938.527
4200,4,6607.87,957.994
4200,5,6613.65,958.287
4200,10,6701.83,944.961
4200,8,6726.81,854.449
4200,7,6753.08,891.015
4200,1,6801.24,876.336
4200,2,6800.73,1088.48
4300,9,6500.59,962.951
4300,0,6499.37,978.119
4300,10,6567.5,1008.93
4300,6,6982.07,1024.02
4300,4,7000.09,1028.08
4300,7,6655.91,1049.38
4300,11,6994.88,1075.42
4300,8,7112.89,1047.64
4300,1,7295.54,1044.93
4300,3,7317.04,922.839
4300,2,7279.34,1091.43
4300,5,7310.73,1136.44
4400,6,7326.04,1310.19
4400,10,7646.31,995.861
4400,3,7649.67,1044.32
4400,5,7375.37,1343.51
4400,9,7748.53,1034.93
4400,11,7722.6,1202.13
4400,7,7967.92,1043.75
4400,0,7677.17,996.181
4400,2,8264.31,984.266
4400,4,8288.02,955.761
4400,8,8511.06,895.531
4400,1,8463.87,1329.96
4500,5,7763.33,1118
4500,8,7655.76,1064.39
4500,0,7751.85,1074.87
4500,9,7764.87,1079.85
4500,10,7733.08,1118.76
4500,6,7987.89,1042.71
4500,3,8411.81,1050.2
4500,11,8137.25,1068.31
4500,2,7923,1209.01
4500,1,8481.32,899.429
4500,7,8642.74,1024.52
4500,4,8472.59,1031.68
4600,4,7685.37,1127.51
4600,3,7772.33,1129.4
4600,6,7782.85,1244.74
4600,11,7821.27,1258.64
4600,0,7816.57,1289.32
4600,10,7738.11,1194.35
4600,9,7739.06,1238.85
4600,7,8073.8,1456.13
4600,8,7863.45,1557.09
4600,2,8123.47,1753.09
4600,5,8256.84,1739.5
4600,1,8061.27,1632.83
4700,11,8036.52,1289.67
4700,3,8384.94,1292.55
4700,4,8449.21,1220.59
4700,9,8338.85,1433.56
4700,2,8454.77,1373.74
4700,7,8669.45,1260.45
4700,1,8415.41,1345.07
4700,8,8527.8,1333.07
4700,0,8527.81,1248.33
4700,10,9098.13,1213.22
4700,5,9196.39,1330.2
4700,6,9172.07,1456.53
4800,5,8811.59,1285.48
4800,3,8721.28,1376.53
4800,4,8749.91,1358.81
4800,0,8852.44,1327.93
4800,9,8802.08,1428.31
4800,6,8861.19,1403.86
4800,10,8914.02,1331.41
4800,11,8986.64,1470.37
4800,8,9172.79,1321.37
4800,2,9345.67,1297.89
4800,1,9398.92,1277.69
4800,7,9166.11,1902.33
4900,9,9296.96,1246.96
4900,3,9321.32,1249.24
4900,4,9788.38,1281.41
4900,11,10029.8,1369.91
4900,0,9932.95,1324.97
4900,8,9816.98,1530.36
4900,5,10119.8,1328.42
4900,6,10182.1,1323.62
4900,10,10431.2,1300.43
4900,1,11230.1,1285.76
4900,7,11563.1,1778.11
4900,2,11482.7,1902.98
5000,9,9121.88,1284.41
5000,4,9057.44,1317.6
5000,7,9031.01,1335.94
5000,3,9123.16,1345.9
5000,5,9749.72,1450.6
5000,0,9741.95,1464.45
5000,11,9769.39,1491.02
5000,6,9717.94,1743.93
5000,8,9963.53,1534.76
5000,2,9985.34,1653.62
5000,10,9969.08,1890.73
5000,1,10159,2891.51
5100,1,9296.04,1364.83
5100,8,9324.75,1380
5100,4,9445.41,1438.01
5100,9,9702.45,1470.89
5100,10,9827.3,1436.1
5100,2,9968.73,1503.81
5100,3,9877.83,1513.59
5100,11,9975.92,1519.31
5100,6,9666.77,1856.39
5100,5,10335.3,1434.83
5100,0,10239.7,1491.16
5100,7,10368.9,1389.06
5200,8,9704.15,1613.67
5200,1,9747.54,1647.05
5200,3,10116.4,1452.91
5200,2,9805.51,1637.9
5200,9,10157.5,1534.49
5200,7,9776.82,1722.91
5200,4,10049.8,1817.05
5200,0,10694.8,1349.15
5200,11,10455.1,1677.56
5200,5,10542.1,1484.08
5200,6,10651.1,1369.22
5200,10,10149.4,2114.9
5300,8,10265.3,1617.73
5300,2,10283.4,1600.44
5300,9,10548,1643.18
5300,1,10266,1693.41
5300,7,10712.3,1685.39
5300,3,10718.6,1913.29
5300,10,10717.9,2188.5
5300,4,11080.8,2185.78
5300,0,10955,2344.47
5300,11,11209.7,2529.34
5300,5,11179.4,2564.89
5300,6,10589.8,3104.4
5400,1,11011.9,1688.07
5400,8,11201,1630.28
5400,2,11222.2,1625.49
5400,7,11328.2,1744.44
5400,3,11418.9,2028.32
5400,10,11580.1,2003.05
5400,4,11588.3,2104.21
5400,9,11588.2,2060.53
5400,11,12513.5,1250.49
5400,0,12437.5,1542.31
5400,5,12644.1,1631.29
5400,6,12613.5,3336.36
5500,1,11012.5,1688.99
5500,8,11385.5,1599.48
5500,7,11529.2,1584.52
5500,3,11300.8,1857.97
5500,2,11555,1650.59
5500,4,11208.5,2157.1
5500,6,11327.5,2129.28
5500,5,11664.1,1969.06
5500,0,11303.2,2446.14
5500,11,11594.7,2217.68
5500,10,11347.6,2537.44
5500,9,11401.2,2189.45
5600,10,11616.5,2348.66
5600,8,12375.4,1859.3
5600,0,11933.7,2673.43
5600,3,12650.2,2115.63
5600,2,13195.6,1924.69
5600,4,12907.1,2538.21
5600,9,13206,1870.19
5600,7,13278.4,2159.23
5600,6,12319.8,2783.05
5600,11,13511.6,2153.7
5600,1,13032.8,2850.52
5600,5,12746.2,3657.31
5700,6,12012.8,1700.08
5700,8,12051.8,1704.18
5700,7,11972.8,1687.45
5700,11,12278.1,1829.13
5700,4,12401.5,1989.57
5700,3,12345.3,2110.23
5700,2,12570.4,1955.73
5700,1,12949.1,2323.38
5700,9,12417.9,2760.66
5700,0,12862.2,2395.44
5700,5,12851.2,3118.19
5700,10,12452.1,5496.25
5800,7,12415.1,1832.28
5800,2,12498.9,1997.85
5800,10,13109.8,1855.32
5800,1,12477.8,1845.77
5800,8,13322.6,1880.05
5800,9,13229,2084.75
5800,3,13364.7,2160.67
5800,0,13719.9,2015.43
5800,5,13311.7,3858.23
5800,11,13705.9,2916.63
5800,4,13448.1,4264.82
5800,6,13898.8,5962.79
5900,10,12818,2300.65
5900,1,12986.7,1868.72
5900,8,13485,2000
5900,4,13450.3,2124.96
5900,7,13156.7,2513.67
5900,6,13182.2,3104.65
5900,9,13789.7,2402.52
5900,3,13661.7,3315.11
5900,11,14533.1,2222.89
5900,0,14622.8,2372.17
5900,2,13512.2,3514.52
5900,5,14339.9,3456.93
6000,1,13703.3,1895.6
6000,2,13762.7,1912.75
6000,3,13693.6,1940.8
6000,8,13853.1,1911.92
6000,9,14081.8,1998.76
6000,10,14080.8,2068.69
6000,5,14807.1,3555.28
6000,4,14090.4,4499.88
6000,6,13998.7,5180.93
6000,0,14692.3,6073.35
6000,7,14793.5,6683.26
6000,11,15151,10938.1
6100,8,14560.7,1937.38
6100,1,14641.8,1937.6
6100,2,14456.3,2565.79
6100,9,15380.6,2081.94
6100,10,15350.5,2091.33
6100,7,15480.4,1977.71
6100,0,16098.2,2139
6100,5,16189,1660.3
6100,3,15698.9,2457.64
6100,4,15807.4,3551.55
6100,11,16448.4,2647.54
6100,6,16616.7,2978.31
6200,6,14141.6,1974.48
6200,1,14492,1991.9
6200,2,14844.9,2136.2
6200,7,15091.2,2024.12
6200,9,15299.6,2026.82
6200,0,15403.2,2343.61
6200,8,15792.3,2296.4
6200,10,15391.3,3247.88
6200,3,15800.2,2913.75
6200,11,15808.6,3407.26
6200,4,16104.9,2984.99
6200,5,16133.1,3756.89
6300,6,15004.8,2074.28
6300,0,15171,2082.54
6300,7,15159.3,2179.14
6300,1,15150.5,2245.05
6300,8,15795,2346.82
6300,9,15616.4,2357.76
6300,3,15664.3,2630.51
6300,2,15838.9,2679.96
6300,4,16551.4,2850.57
6300,10,16266.9,5928.71
6300,11,16269.4,6636.86
6300,5,16181,7924.03
6400,7,15913.9,2484.57
6400,1,15900.9,2436.26
6400,6,15713.8,2481.4
6400,9,16029.7,2742.14
6400,3,16878.2,2510.05
6400,0,16111.5,3194.2
6400,10,16919.4,1966.17
6400,11,17042.2,3013.53
6400,5,17276.2,3330.08
6400,4,17034.9,3994.47
6400,2,16486.8,5168.24
6400,8,16417.7,5932.56
6500,1,15810.8,2510.56
6500,0,15770.1,2579.17
6500,7,15931,2592.29
6500,2,16538.6,2818.21
6500,6,15963.7,2978.03
6500,8,16613.9,3003.26
6500,3,16696.8,2911.6
6500,9,16818.4,3353.72
6500,11,21260.2,5885.5
6500,5,20833.5,5888.64
6500,10,20174.1,7807.51
6500,4,21346.4,10783
6600,3,16850.7,2373.81
6600,8,17067.9,2336.32
6600,2,17127.6,2397.88
6600,7,16849.4,2804.33
6600,9,17479.2,2873.45
6600,0,16930.9,3615.24
6600,5,17505.2,2438.82
6600,4,17664.9,2199.24
6600,6,16918.4,3829.03
6600,11,17410.7,3829.19
6600,10,17563.5,7555.35
6600,1,21835.1,7635.77
6700,3,16642,2296.77
6700,4,16796.2,2322.3
6700,5,17000.5,2256.97
6700,10,16847,2342.04
6700,9,16724.3,2380.77
6700,11,17157.2,2271.62
6700,0,17163,2256.81
6700,6,17276.9,2231.92
6700,1,20688.2,2664.23
6700,7,21105.9,2774.47
6700,2,21061.4,2965.62
6700,8,20797.7,5538.29
6800,4,18956.9,2588.65
6800,9,18838.5,2561.92
6800,3,19084.9,2546.01
6800,6,19526.5,2610.15
6800,11,19370.7,2619.07
6800,0,19593.1,2662.44
6800,5,19447.5,2754.59
6800,10,20361.8,2384.62
6800,7,20719.2,2359.54
6800,2,20213.8,2377.07
6800,1,21280.7,3207.61
6800,8,21456.1,3967.34
6900,3,18051.7,3158.06
6900,10,18005.4,3083.57
6900,9,18121.2,3203.36
6900,6,18576,2900.98
6900,0,18388.7,3144.11
6900,5,18899,2624.2
6900,2,18930.7,2954.98
6900,4,19294.1,3270.92
6900,11,18919.9,2923.72
6900,7,18988.1,3802.07
6900,1,19372.2,3599.18
6900,8,19256.9,5332.77
7000,10,18460.9,2730.02
7000,6,18300.6,2758.51
7000,3,18512.7,2770.97
7000,4,18862.1,2768.08
7000,11,19117.4,2850.07
7000,0,19091.3,3108.4
7000,9,19211.9,3151.92
7000,5,19570.9,3084.38
7000,7,19705.8,3112.34
7000,2,19094.3,4068.25
7000,8,19744.5,5852.85
7000,1,20032.5,6592.82
7100,9,20185.1,2957.26
7100,10,20126.7,3001.92
7100,4,20087.8,3049.73
7100,3,20220.5,3171.92
7100,11,21401.6,3077.02
7100,6,21791.1,3352.02
7100,0,21435,3773.28
7100,5,21955.5,5013.2
7100,1,30781.5,4517.9
7100,8,32478.7,4916.08
7100,2,32661.7,6462.35
7100,7,32303.8,6669.43
7200,9,20068.4,3090.91
7200,3,20222,3016.05
7200,4,20305.2,3040.68
7200,10,20498.2,3170.54
7200,0,21683,2885.07
7200,6,21684.5,3658.15
7200,5,21607.2,3739.61
7200,11,21749.4,5576.22
7200,8,27290.2,7335.1
7200,1,30721.2,5059.05
7200,2,27622,9457.65
7200,7,27344.3,9094.72
7300,4,20292.6,2751.25
7300,9,20418.1,2728.48
7300,3,20556.4,2787.81
7300,10,20558.4,2730.61
7300,6,21973.7,3308.02
7300,11,21824.6,3498.82
7300,0,21848.9,3783.05
7300,5,21873.6,5199.01
7300,1,23648.7,11991.7
7300,2,26912.5,8563.25
7300,8,27932.4,8685.07
7300,7,27684,12629
7400,1,20608.6,3119.62
7400,8,20576.4,3177.33
7400,7,20622.1,3180.14
7400,2,20844.2,3323.24
7400,3,21706.3,2993.53
7400,10,21688.1,3099.27
7400,4,21607.9,3737.76
7400,9,21527,5581.59
7400,0,23852.9,10576.8
7400,6,28867.2,7586.47
7400,11,29297.7,10461.4
7400,5,28841.7,12842.3
7500,1,20993.7,3221.98
7500,8,21017.1,3258.43
7500,2,21161.7,3284.83
7500,7,21076.2,3541.65
7500,3,22615.7,3093.83
7500,9,22578.6,3254.21
7500,10,22541.3,3739.84
7500,4,22631.6,7060.94
7500,11,24383.7,9912.51
7500,5,25943.5,12921.2
7500,0,26875.8,12869.6
7500,6,29652,14097.1
7600,2,22889.6,3196.55
7600,8,23473.3,3541.28
7600,9,23340,3318.49
7600,3,23346.5,3170.03
7600,4,23585.9,3311.71
7600,1,23329.2,4214.45
7600,11,23740.8,3411.32
7600,10,24068.2,4175.74
7600,0,24432.3,4275.3
7600,7,23631.6,5246.04
7600,6,24635.9,7872.45
7600,5,25025.8,7038.27
7700,7,22832.6,3080.2
7700,1,22764.5,3133.1
7700,8,22803.8,3186.57
7700,2,22853.4,3240.16
7700,9,23909.2,3240.77
7700,10,24037.2,3303.48
7700,4,24167.9,4050.66
7700,6,25035.5,3723.39
7700,3,24069.3,4156.49
7700,11,25343,5581.61
7700,5,25539.6,5791.3
7700,0,26897.3,12663.2
7800,1,23850.3,3322.29
7800,8,23900.8,3334.73
7800,2,23956.4,3386.51
7800,7,24297.2,3357.03
7800,3,25848.5,3386.65
7800,4,26061.7,3531.7
7800,10,25975.3,5155.27
7800,9,26069.4,5856.71
7800,11,39503.4,7834.76
7800,5,37451.8,10212.6
7800,0,39450.2,8345.61
7800,6,39349.2,8757.69
7900,7,23383,3692.55
7900,0,23481.1,3865.52
7900,6,23772.3,3679.74
7900,1,23853.7,3669.17
7900,8,24785.2,3804.07
7900,9,24688.3,3338.71
7900,2,25071.5,4554.4
7900,3,24981.5,5113.53
7900,10,34759.5,7681.7
7900,11,31537.8,12144.6
7900,5,33781,13981.3
7900,4,31772.3,15839.8
8000,7,24982.5,3585.05
8000,0,25019,3575.98
8000,1,25273.2,3791.17
8000,8,25502.4,3777.97
8000,6,26375.1,3594.38
8000,9,26133,4040.22
8000,2,26110.2,5010.23
8000,3,25826.9,6601.01
8000,4,30799,17613.1
8000,5,30929.7,18789.7
8000,11,40392.3,11987.3
8000,10,40859.3,12102.5
8100,7,24453.5,3646.81
8100,0,24629.7,3649.17
8100,2,25427,3932.21
8100,1,25086.3,3644.15
8100,6,25921,3691.9
8100,8,26275.8,3641.18
8100,9,26383.4,3900.55
8100,4,27055.9,4020.89
8100,5,27327.1,4737.95
8100,10,27112.9,5782.38
8100,3,26587.8,7060.52
8100,11,26623.6,7909.76
8200,0,26340.7,3767.2
8200,1,26709,3849.96
8200,7,26659.5,3931.13
8200,6,26935.6,3959.29
8200,8,28570.6,3643.45
8200,9,28635.5,3447.44
8200,5,29196.1,5444.33
8200,2,29074.7,6051.42
8200,11,29270.6,6648.31
8200,3,28750.7,8268.56
8200,4,29408.2,7329.63
8200,10,36852.7,13804.3
8300,0,27992.6,3882.23
8300,6,27971,3937.49
8300,1,28199.5,3940.61
8300,7,28231.1,3904.58
8300,2,29468.1,4101.15
8300,8,29727.7,4148.21
8300,3,29891.1,4226.38
8300,9,30013.9,4600.51
8300,11,34535.3,12720.6
8300,10,35036.3,14055.4
8300,5,38989.4,19871.9
8300,4,35133.6,24247.8
8400,7,27394.8,4158.15
8400,0,27430.6,4053.17
8400,1,28034.5,3955.85
8400,6,28443.8,4032.31
8400,8,29182.9,4455.99
8400,2,29588.7,4668.2
8400,9,29409,4620.17
8400,3,29665.6,6215.98
8400,11,42710.4,16198.2
8400,10,42529,18740.2
8400,5,42920.2,19305.9
8400,4,49084.3,13405.1
8500,0,28195.3,3867
8500,7,28439.4,3999.16
8500,1,28532.3,3977.94
8500,6,28379.5,4161.16
8500,9,29425.3,3923.38
8500,3,29898.2,3698.63
8500,2,29981.5,4676.53
8500,8,29880.3,8802.09
8500,10,40651.1,16217.5
8500,4,47823.8,9677.55
8500,11,41726.3,15346.4
8500,5,32616.6,24839.8
8600,0,29900.1,4037.49
8600,6,30094.5,4004.51
8600,7,30172.8,4254.8
8600,9,31191.4,3969.1
8600,1,31879.7,4473.76
8600,2,31744.2,5753.79
8600,3,31228.6,8494.29
8600,8,31782.2,9044.8
8600,4,58157.5,6357.82
8600,10,58893.5,6680.25
8600,11,53916.5,11523.3
8600,5,53408.2,12205.4
8700,6,30242,4408.14
8700,1,30537.2,4402.55
8700,0,30875.2,4273.42
8700,7,31035.2,4269
8700,3,32309.3,4714.53
8700,2,32402,4838.84
8700,8,32420.5,5757.8
8700,9,32375.7,10887
8700,5,61170.9,10037.7
8700,10,53858.7,22698.7
8700,11,58672.4,17697.2
8700,4,50631.7,28964.3
8800,0,30325.4,4705.97
8800,6,31025.8,4618.46
8800,7,31019.4,4609.25
8800,2,31352.8,5386
8800,9,31602.8,5076.46
8800,8,31810.2,5091.07
8800,1,32182.4,7895.48
8800,3,32531.9,12854.5
8800,11,61711.1,2445.32
8800,5,53082.7,12772
8800,4,61696.4,4449.26
8800,10,35830.7,35392.2
8900,7,32853.9,4369.75
8900,6,33037.6,4390.06
8900,0,33180.5,4461.89
8900,2,33207.9,4414.46
8900,1,32920.5,5089.14
8900,8,33523.8,4989.55
8900,9,33354.3,5309.11
8900,3,33320,5604.43
8900,11,35323.8,3910.14
8900,10,35352.3,5530.45
8900,5,36864,13900.2
8900,4,35596.3,17036.3
9000,6,31958.1,4205.56
9000,1,32018.3,4265.37
9000,7,32054.9,4340.3
9000,0,33043.1,4852.89
9000,8,33486.9,5801.75
9000,3,33309.6,6347.6
9000,9,33252,8496.64
9000,2,33279.7,9299.92
9000,4,38338.2,28290.1
9000,5,42250.4,28058.8
9000,10,38682.6,36432.6
9000,11,41480.4,34940.4
9100,6,32956.2,4181.29
9100,3,32678.2,4901.11
9100,0,34033,4411.43
9100,2,33338.5,4863.73
9100,9,34068.9,4823.13
9100,4,33819.6,5384.88
9100,5,34244.5,6720.08
9100,10,34063.8,8836.03
9100,7,33742.1,10950.6
9100,1,33776.3,10797.6
9100,11,33849.2,13107.5
9100,8,33176.7,14862.7
9200,1,33043.1,4896.99
9200,6,33732.6,5020.05
9200,7,33145.6,4774.57
9200,5,35013.3,4691.15
9200,0,34740.6,4919.25
9200,2,34372.9,4814.74
9200,3,34918.9,5384.81
9200,4,34618.4,8908.18
9200,9,34550.8,9216.59
9200,10,34572.5,9996.69
9200,11,34397.9,15174.4
9200,8,34782.1,25653.5
9300,8,34025.2,4871.75
9300,1,33412,4769.51
9300,5,33320.5,4884.03
9300,0,33925.7,4906.55
9300,2,34336.9,5477.52
9300,6,34132.4,4957
9300,7,35418.4,4680.4
9300,3,35057.7,6580.1
9300,4,35282.6,6329.78
9300,11,35425.9,11604.6
9300,10,35668.9,12986.7
9300,9,35069.1,16207
9400,0,33006.8,4760.46
9400,6,33875.1,4424.03
9400,1,33537.4,4326.32
9400,7,33647.7,4399.54
9400,2,35409.1,6961.62
9400,4,35663.9,6188.77
9400,8,36126.6,11893.5
9400,10,36850.2,15680.1
9400,11,36437.7,23975.5
9400,3,36928.1,24739
9400,9,36473.1,27626.1
9400,5,36850.8,27699.8
9500,1,34633.9,4855.53
9500,7,34963.1,5021.98
9500,3,36112.9,5242.51
9500,8,36056.1,5477.36
9500,0,35547.3,5243.47
9500,10,37733,5671.45
9500,6,36462.7,5045
9500,11,37557.3,6256.71
9500,9,36875.8,8026.43
9500,5,38402.5,7560.51
9500,4,38029.1,10462.5
9500,2,37602,15697.4
9600,0,35653.4,4995.58
9600,1,36423.9,4959.68
9600,7,35912.5,5079.2
9600,6,36728.1,5066.66
9600,8,36854.2,7337.98
9600,10,38565,7080.26
9600,9,37438.2,7048.64
9600,11,39337.3,7488.3
9600,3,37287.2,11472.4
9600,4,38929.3,11704.2
9600,2,37559.8,13057.4
9600,5,38738.2,16490.5
9700,1,37167.8,5033.28
9700,7,37117.1,5545.05
9700,2,36936.2,5425.35
9700,8,37563.3,5280.62
9700,9,37572,5346.77
9700,3,37539.4,5600.41
9700,6,37131.8,5598.25
9700,0,37945.1,5470.08
9700,5,39359.3,6043.53
9700,4,38932.6,10246.7
9700,11,38554.6,13350.5
9700,10,39315.3,18370.9
9800,6,39483.3,5181.95
9800,7,39385.4,5273.27
9800,0,39704.2,5211.98
9800,1,39648.6,5258.42
9800,3,41754,5854.39
9800,9,41650.7,6032.19
9800,2,41829.8,5777.65
9800,8,42153.2,6392.05
9800,11,57930.7,28027.6
9800,4,52392.7,31666.8
9800,5,76716.1,15090.9
9800,10,75961.7,19902.4
9900,7,39316.8,5498
9900,6,39301.1,5559.92
9900,0,39501.8,5501.91
9900,1,39041.4,5605.8
9900,3,41527.3,5280.29
9900,2,41370.1,5222.8
9900,9,41515.6,5336.27
9900,8,42066.6,6449.45
9900,5,60122.1,30320.7
9900,11,70129.2,23313.2
9900,10,65201.8,33752.1
9900,4,74557.9,24480.6
10000,0,41440.3,5965.91
10000,7,41781.9,5765.54
10000,6,41754.7,5862.4
10000,1,42765.8,5783.63
10000,2,43385.2,5585.79
10000,3,43877.1,5574.88
10000,9,43207.3,7608.95
10000,8,44545.2,9088.21
10000,11,70593.9,16381.2
10000,10,77438.8,12924.1
10000,4,71299.3,19320
10000,5,71606.5,19007.5
