n,total_comparisons
100,3334
100,3344
100,3356
100,3310
100,3392
200,7940
200,7838
200,7974
200,7784
200,7886
300,12760
300,12868
300,12838
300,12828
300,12808
400,18098
400,18058
400,18108
400,18180
400,18136
500,23602
500,23498
500,23468
500,23618
500,23692
600,29160
600,29104
600,29144
600,29280
600,29170
700,34944
700,34998
700,35042
700,34970
700,34976
800,40976
800,40916
800,40942
800,40836
800,40778
900,46964
900,46888
900,46896
900,46978
900,46876
1000,53276
1000,53140
1000,53044
1000,53140
1000,53220
1100,59286
1100,59108
1100,59340
1100,59216
1100,59316
1200,65356
1200,65618
1200,65304
1200,65632
1200,65430
1300,72034
1300,71710
1300,71758
1300,72092
1300,71862
1400,78406
1400,78312
1400,78328
1400,78388
1400,78234
1500,84794
1500,84680
1500,85098
1500,84804
1500,84932
1600,91434
1600,91558
1600,91656
1600,91286
1600,91624
1700,97846
1700,97748
1700,97940
1700,97908
1700,97924
1800,104618
1800,104560
1800,104484
1800,105094
1800,104554
1900,111354
1900,111572
1900,111200
1900,111032
1900,111256
2000,118482
2000,118270
2000,118220
2000,118166
2000,118176
2100,125030
2100,124888
2100,125088
2100,125134
2100,125332
2200,131660
2200,131802
2200,131582
2200,131580
2200,131884
2300,139010
2300,138586
2300,138502
2300,138920
2300,138608
2400,145502
2400,145248
2400,145378
2400,145370
2400,145514
2500,152142
2500,152408
2500,152410
2500,152616
2500,152184
2600,159156
2600,159068
2600,159412
2600,159030
2600,159418
2700,165890
2700,165960
2700,166210
2700,166402
2700,166292
2800,173194
2800,173324
2800,173114
2800,173496
2800,173628
2900,180608
2900,180136
2900,180616
2900,180074
2900,180700
3000,187488
3000,187314
3000,187534
3000,187630
3000,188102
3100,194774
3100,195026
3100,194904
3100,195070
3100,194924
3200,201664
3200,202072
3200,201848
3200,202054
3200,201860
3300,209020
3300,209058
3300,208844
3300,209116
3300,209072
3400,215926
3400,215648
3400,216298
3400,215820
3400,216106
3500,223624
3500,223782
3500,223384
3500,223498
3500,223026
3600,230900
3600,230972
3600,230790
3600,230572
3600,230838
3700,238082
3700,238230
3700,237916
3700,238158
3700,238334
3800,245154
3800,245068
3800,245620
3800,245672
3800,245452
3900,252742
3900,252616
3900,252314
3900,252930
3900,253156
4000,260522
4000,260336
4000,260476
4000,260462
4000,260816
4100,268348
4100,268240
4100,268508
4100,268252
4100,268646
4200,275254
4200,275674
4200,275338
4200,275602
4200,275460
4300,282722
4300,282222
4300,282340
4300,282446
4300,282072
4400,289608
4400,289412
4400,289342
4400,289456
4400,289736
4500,296896
4500,296918
4500,296800
4500,296840
4500,297430
4600,305096
4600,304596
4600,305096
4600,304940
4600,304968
4700,311944
4700,312220
4700,312046
4700,311674
4700,312032
4800,319254
4800,319496
4800,319486
4800,319446
4800,319152
4900,327040
4900,327218
4900,326624
4900,326900
4900,327268
5000,334712
5000,334856
5000,334750
5000,334588
5000,334446
5100,342800
5100,343120
5100,343020
5100,342626
5100,342110
5200,349768
5200,349574
5200,349606
5200,349806
5200,349972
5300,356856
5300,357658
5300,357104
5300,357220
5300,357022
5400,364766
5400,364574
5400,364726
5400,364428
5400,364978
5500,372350
5500,372600
5500,372296
5500,372532
5500,371962
5600,380212
5600,379658
5600,380744
5600,379852
5600,380590
5700,388138
5700,387638
5700,387970
5700,387816
5700,387716
5800,395248
5800,395590
5800,395862
5800,395676
5800,395722
5900,403312
5900,403382
5900,403276
5900,403084
5900,403178
6000,411204
6000,411338
6000,411490
6000,410990
6000,411244
6100,418922
6100,419174
6100,418974
6100,419242
6100,418692
6200,426978
6200,427022
6200,426922
6200,427232
6200,427228
6300,434340
6300,434752
6300,434294
6300,434372
6300,434184
6400,442194
6400,442454
6400,442158
6400,442002
6400,442486
6500,449512
6500,449108
6500,449602
6500,449506
6500,449618
6600,457084
6600,456920
6600,457446
6600,457444
6600,457412
6700,465044
6700,465158
6700,465086
6700,465152
6700,465262
6800,472910
6800,472536
6800,472378
6800,472888
6800,473100
6900,480272
6900,481338
6900,481288
6900,481308
6900,480700
7000,488526
7000,488538
7000,488516
7000,487944
7000,488456
7100,496562
7100,496998
7100,496812
7100,496472
7100,496742
7200,505088
7200,504424
7200,504736
7200,504686
7200,504772
7300,512788
7300,512560
7300,512426
7300,512676
7300,512572
7400,520314
7400,520324
7400,520626
7400,521072
7400,520484
7500,527660
7500,528606
7500,527930
7500,528544
7500,528290
7600,536318
7600,536064
7600,535976
7600,536364
7600,535776
7700,544190
7700,544356
7700,544566
7700,544368
7700,543744
7800,552108
7800,552784
7800,552354
7800,552456
7800,552662
7900,560446
7900,560428
7900,560828
7900,560308
7900,560572
8000,569198
8000,569060
8000,568752
8000,568690
8000,568780
8100,577154
8100,577526
8100,576528
8100,577188
8100,577710
8200,585372
8200,586178
8200,586218
8200,585958
8200,585736
8300,592882
8300,593506
8300,593420
8300,592960
8300,593240
8400,600942
8400,600726
8400,600718
8400,600898
8400,601010
8500,608496
8500,608664
8500,608574
8500,608722
8500,608562
8600,615960
8600,616370
8600,616196
8600,616020
8600,616742
8700,624560
8700,624000
8700,624676
8700,624902
8700,624702
8800,631716
8800,631946
8800,632316
8800,632262
8800,631860
8900,639832
8900,640316
8900,639840
8900,639806
8900,640152
9000,648260
9000,647752
9000,647574
9000,648510
9000,647984
9100,656470
9100,655822
9100,656448
9100,656384
9100,656034
9200,665086
9200,664742
9200,664542
9200,664486
9200,664810
9300,672400
9300,671764
9300,672000
9300,672500
9300,672378
9400,680000
9400,680192
9400,679994
9400,679488
9400,679872
9500,687852
9500,688646
9500,688428
9500,688256
9500,687936
9600,695680
9600,696358
9600,696260
9600,696802
9600,695988
9700,703938
9700,703906
9700,704572
9700,704506
9700,704334
9800,712348
9800,712400
9800,712452
9800,712146
9800,713020
9900,720414
9900,720548
9900,720994
9900,720798
9900,720492
10000,729754
10000,729106
10000,728980
10000,728992
10000,729554
